seed,octaves,frequency,sea_level,erosion_rate,deposition_rate,evaporation,inertia,capacity,droplet_life,erosion_iters,wind_angle,wind_strength,height_retention,elevation_variance,max_ridge_height,river_density,slope_variance,land_fraction
668,4,4.60,0.35,0.329,0.679,0.0076,0.268,2.8,47,10000,82.9,1.08,0.9546,0.1611,0.3838,0.0030,0.0206,0.2004
209,4,4.46,0.26,0.365,0.703,0.0154,0.046,4.7,38,100000,254.7,1.37,0.5532,0.1057,0.2297,0.0129,0.0127,0.1185
7325,6,3.09,0.27,0.285,0.247,0.0217,0.180,2.8,65,50000,0.9,1.23,0.8248,0.1420,0.4474,0.0200,0.0156,0.2532
4865,6,3.30,0.28,0.123,0.545,0.0128,0.139,7.0,26,100000,306.8,1.47,0.4429,0.0959,0.2241,0.0000,0.0154,0.0582
4415,5,1.62,0.36,0.295,0.147,0.0382,0.072,1.7,42,200000,122.4,0.52,0.5211,0.1172,0.1133,0.0000,0.0156,0.0242
198,7,4.42,0.43,0.156,0.617,0.0294,0.164,3.6,57,10000,234.9,0.89,0.9691,0.1662,0.3894,0.0000,0.0328,0.0880
723,5,2.50,0.46,0.239,0.481,0.0250,0.035,6.4,16,10000,163.9,1.57,0.9184,0.1629,0.2628,0.0000,0.0350,0.0623
9353,6,2.58,0.32,0.127,0.178,0.0112,0.172,5.3,42,200000,230.0,0.63,0.2388,0.0596,0.0090,0.0000,0.0096,0.0001
1140,7,2.21,0.22,0.350,0.364,0.0121,0.232,8.0,56,200000,333.3,0.82,0.1216,0.0322,-0.0182,0.0000,0.0041,0.0000
7958,5,4.50,0.28,0.350,0.293,0.0031,0.117,6.6,25,50000,60.5,1.97,0.5407,0.1101,0.2521,0.0100,0.0171,0.1100
5411,4,3.95,0.34,0.354,0.528,0.0328,0.276,4.0,58,10000,321.8,1.55,0.9625,0.1621,0.4427,0.0027,0.0223,0.2263
777,5,3.19,0.48,0.373,0.342,0.0081,0.167,3.2,69,100000,257.1,1.05,0.5933,0.1100,-0.0041,0.0000,0.0083,0.0000
3637,4,3.53,0.29,0.320,0.106,0.0044,0.183,6.9,32,200000,8.4,1.31,0.0503,0.0195,-0.1211,0.0000,0.0042,0.0000
3139,5,1.84,0.31,0.309,0.699,0.0229,0.247,2.4,54,10000,317.2,1.79,0.9701,0.1746,0.4050,0.0103,0.0189,0.3024
8229,7,5.12,0.27,0.075,0.729,0.0047,0.109,2.7,64,200000,91.3,0.68,0.5101,0.1138,0.3532,0.0016,0.0282,0.1126
8850,6,4.20,0.27,0.076,0.380,0.0171,0.053,1.2,64,10000,130.5,1.92,0.9869,0.1789,0.5912,0.0004,0.0485,0.3107
8588,7,5.10,0.25,0.177,0.538,0.0189,0.194,2.3,33,10000,212.2,1.42,0.9709,0.1675,0.5584,0.0019,0.0364,0.3835
1253,5,3.50,0.22,0.273,0.682,0.0109,0.309,7.8,75,50000,0.5,1.93,0.6479,0.1149,0.3174,0.0216,0.0079,0.2093
4807,5,2.00,0.44,0.030,0.481,0.0120,0.034,1.3,32,50000,138.6,0.62,0.9536,0.1793,0.3960,0.0017,0.0313,0.1071
6277,6,2.97,0.41,0.146,0.160,0.0262,0.030,2.9,77,10000,224.5,1.95,0.9720,0.1750,0.4765,0.0000,0.0382,0.1183
5308,6,2.46,0.47,0.364,0.728,0.0094,0.349,2.0,79,10000,143.9,1.09,0.9654,0.1622,0.2861,0.0000,0.0182,0.0509
458,5,1.66,0.23,0.078,0.181,0.0403,0.119,2.4,52,100000,175.3,0.91,0.7740,0.1609,0.5631,0.0271,0.0269,0.2902
9152,5,3.07,0.26,0.212,0.452,0.0340,0.342,1.1,52,50000,298.2,0.73,0.8889,0.1623,0.4905,0.0121,0.0211,0.3174
4875,7,3.00,0.34,0.283,0.777,0.0132,0.049,1.3,34,200000,5.7,0.78,0.5625,0.1264,0.2316,0.0000,0.0203,0.0562
5082,7,4.65,0.30,0.061,0.628,0.0257,0.114,7.9,72,50000,207.4,1.91,0.7764,0.1393,0.3991,0.0168,0.0294,0.1816
8974,6,2.61,0.21,0.315,0.248,0.0384,0.283,5.4,22,200000,337.1,1.58,0.2468,0.0644,0.1164,0.0000,0.0067,0.0343
5198,7,3.41,0.46,0.023,0.364,0.0017,0.262,8.0,69,50000,58.4,1.53,0.7608,0.1475,0.2700,0.0000,0.0290,0.0259
746,6,1.87,0.35,0.406,0.660,0.0227,0.080,1.5,62,100000,300.4,0.51,0.7530,0.1542,0.3268,0.0074,0.0154,0.1315
8041,5,1.52,0.46,0.359,0.696,0.0252,0.092,2.6,57,200000,295.0,0.66,0.4551,0.0999,-0.0403,0.0000,0.0087,0.0000
1989,7,4.55,0.47,0.300,0.181,0.0149,0.121,2.0,41,10000,247.5,0.68,0.9646,0.1674,0.4003,0.0000,0.0376,0.0522
1368,4,4.27,0.34,0.101,0.550,0.0357,0.185,5.0,64,200000,257.5,0.67,0.4337,0.0962,0.1110,0.0000,0.0111,0.0234
3112,4,2.35,0.45,0.362,0.292,0.0169,0.059,5.2,55,10000,157.0,0.75,0.9444,0.1729,0.3934,0.0000,0.0334,0.0832
7184,6,2.36,0.40,0.351,0.322,0.0313,0.274,6.0,42,50000,194.6,1.68,0.7368,0.1312,0.2182,0.0043,0.0117,0.0574
1770,4,2.91,0.39,0.074,0.134,0.0326,0.274,6.6,32,100000,38.2,0.95,0.5697,0.1187,0.1921,0.0000,0.0183,0.0310
4136,6,5.42,0.36,0.234,0.280,0.0124,0.085,7.5,28,200000,102.6,1.86,0.0949,0.0304,-0.1210,0.0000,0.0056,0.0000
3986,5,2.37,0.38,0.271,0.569,0.0033,0.170,1.7,25,50000,283.6,1.96,0.8477,0.1534,0.3929,0.0006,0.0210,0.1104
3881,5,2.53,0.47,0.168,0.176,0.0158,0.126,7.3,17,200000,278.1,0.77,0.0688,0.0286,-0.2546,0.0000,0.0076,0.0000
2834,6,2.33,0.28,0.024,0.146,0.0298,0.097,5.5,43,100000,193.6,0.81,0.7773,0.1505,0.5090,0.0159,0.0378,0.2490
4355,4,1.76,0.29,0.238,0.235,0.0234,0.045,7.1,73,200000,344.8,0.52,0.1902,0.0444,-0.0628,0.0000,0.0059,0.0000
1765,6,3.82,0.35,0.140,0.411,0.0177,0.285,3.7,51,10000,89.6,1.77,0.9603,0.1642,0.4509,0.0023,0.0264,0.2119
7212,5,2.34,0.42,0.388,0.604,0.0292,0.283,5.7,23,50000,96.1,1.38,0.7313,0.1286,0.1687,0.0000,0.0133,0.0179
5796,6,4.57,0.32,0.247,0.275,0.0107,0.088,7.2,26,10000,240.8,0.73,0.8937,0.1581,0.4945,0.0000,0.0465,0.2261
933,7,4.81,0.21,0.283,0.670,0.0199,0.167,4.3,34,200000,320.4,0.70,0.3193,0.0730,0.1518,0.0000,0.0062,0.0536
2378,5,1.62,0.35,0.172,0.319,0.0374,0.311,7.1,67,200000,6.0,1.96,0.2801,0.0601,-0.0464,0.0000,0.0059,0.0000
9986,6,5.09,0.45,0.038,0.479,0.0244,0.302,5.4,74,50000,343.2,1.44,0.8558,0.1547,0.1898,0.0000,0.0223,0.0330
4521,4,1.56,0.23,0.135,0.715,0.0123,0.231,1.1,75,200000,69.9,1.08,0.6128,0.1528,0.5338,0.0119,0.0242,0.2300
3555,4,2.49,0.27,0.405,0.668,0.0040,0.262,6.7,71,10000,198.4,1.46,0.9108,0.1540,0.4937,0.0035,0.0193,0.3003
3491,6,2.01,0.38,0.165,0.154,0.0361,0.345,7.0,66,50000,304.7,1.64,0.7254,0.1248,0.2439,0.0000,0.0132,0.0441
1381,6,2.83,0.50,0.275,0.592,0.0188,0.112,2.3,37,200000,211.3,1.10,0.4811,0.1079,-0.0243,0.0000,0.0118,0.0000
1419,6,4.41,0.39,0.107,0.425,0.0197,0.037,4.7,62,100000,180.7,1.10,0.6527,0.1215,0.2544,0.0000,0.0298,0.0333
1174,6,4.78,0.35,0.190,0.381,0.0199,0.185,5.7,40,10000,139.1,1.74,0.9386,0.1573,0.4432,0.0020,0.0258,0.2110
8480,4,5.27,0.25,0.093,0.479,0.0095,0.171,7.5,36,100000,83.1,0.84,0.4301,0.0922,0.2758,0.0040,0.0138,0.0756
3826,5,3.15,0.38,0.391,0.682,0.0244,0.050,5.1,75,200000,170.1,1.54,0.3064,0.0665,-0.0629,0.0000,0.0061,0.0000
1857,7,3.21,0.34,0.076,0.339,0.0332,0.022,5.3,32,100000,48.7,1.05,0.6825,0.1309,0.3879,0.0018,0.0348,0.1008
9607,4,1.86,0.25,0.082,0.512,0.0117,0.324,1.1,26,50000,31.7,0.60,0.9202,0.1781,0.6136,0.0152,0.0243,0.2939
5548,4,1.88,0.28,0.114,0.429,0.0199,0.121,3.5,33,10000,11.7,1.20,0.9651,0.1689,0.6026,0.0096,0.0253,0.2615
8897,5,3.58,0.43,0.017,0.294,0.0107,0.158,7.1,40,200000,8.4,1.10,0.4920,0.1239,0.3019,0.0000,0.0433,0.0262
8832,5,5.47,0.25,0.308,0.338,0.0171,0.266,6.5,51,10000,337.8,1.03,0.9210,0.1503,0.3638,0.0077,0.0142,0.3392
6655,7,2.35,0.38,0.371,0.140,0.0296,0.015,5.9,70,10000,136.0,0.88,0.9460,0.1665,0.4919,0.0038,0.0357,0.1288
8116,7,1.54,0.41,0.350,0.151,0.0354,0.185,5.1,18,100000,117.2,0.78,0.4338,0.1015,0.1015,0.0000,0.0129,0.0044
6926,4,3.24,0.23,0.353,0.507,0.0175,0.012,5.3,37,50000,75.6,0.90,0.7433,0.1305,0.4749,0.0186,0.0249,0.2791
9660,6,4.48,0.26,0.240,0.530,0.0376,0.213,4.7,52,100000,259.2,0.65,0.6394,0.1163,0.2292,0.0214,0.0071,0.1680
8661,5,3.55,0.22,0.348,0.721,0.0177,0.137,3.6,57,200000,208.8,1.39,0.3737,0.0823,0.1554,0.0075,0.0068,0.0732
7970,7,2.14,0.26,0.199,0.661,0.0177,0.135,1.7,26,50000,272.6,1.10,0.8786,0.1589,0.5046,0.0217,0.0209,0.3125
7110,5,5.34,0.25,0.203,0.600,0.0010,0.062,6.0,74,100000,177.4,1.30,0.4252,0.0858,0.2170,0.0019,0.0135,0.0654
3230,7,2.01,0.38,0.023,0.215,0.0245,0.214,6.7,19,10000,151.9,0.99,0.9697,0.1725,0.3551,0.0004,0.0274,0.1633
9191,6,2.91,0.43,0.138,0.628,0.0281,0.139,2.2,24,10000,145.5,0.80,0.9770,0.1738,0.3772,0.0010,0.0317,0.1176
8660,6,4.87,0.22,0.377,0.566,0.0278,0.349,4.3,52,10000,82.5,1.26,0.9575,0.1588,0.4388,0.0080,0.0169,0.4019
5934,7,5.07,0.47,0.089,0.476,0.0345,0.141,6.6,35,100000,285.9,1.93,0.6119,0.1168,0.0771,0.0000,0.0150,0.0009
7382,7,2.04,0.24,0.292,0.607,0.0170,0.312,3.1,79,10000,266.6,1.60,0.9632,0.1595,0.4613,0.0068,0.0179,0.3743
7554,6,2.06,0.33,0.056,0.187,0.0112,0.074,2.1,70,200000,171.5,0.92,0.6013,0.1376,0.3538,0.0006,0.0399,0.1017
8668,5,4.69,0.22,0.121,0.134,0.0061,0.122,7.5,67,200000,299.6,1.00,0.1168,0.0336,0.0786,0.0000,0.0064,0.0002
5048,4,2.61,0.29,0.339,0.206,0.0073,0.023,6.5,26,10000,84.2,1.03,0.9065,0.1609,0.5378,0.0007,0.0423,0.2677
6700,6,3.17,0.37,0.408,0.562,0.0356,0.276,7.0,17,100000,22.7,0.84,0.4384,0.0973,0.0737,0.0000,0.0098,0.0065
6917,6,4.86,0.45,0.348,0.315,0.0054,0.097,5.3,24,10000,325.6,1.80,0.9033,0.1575,0.4398,0.0000,0.0443,0.0416
3246,4,5.13,0.23,0.084,0.495,0.0297,0.036,3.7,42,200000,325.0,1.03,0.5262,0.1142,0.3365,0.0200,0.0273,0.1737
1723,5,1.92,0.39,0.036,0.250,0.0038,0.048,4.2,50,50000,71.6,1.93,0.8484,0.1700,0.3968,0.0019,0.0397,0.1258
9265,4,5.31,0.22,0.229,0.459,0.0295,0.344,3.3,63,200000,306.1,1.66,0.4339,0.0955,0.1953,0.0118,0.0070,0.1245
4986,6,4.06,0.29,0.082,0.755,0.0200,0.019,1.9,56,10000,52.2,1.96,0.9861,0.1778,0.5579,0.0020,0.0466,0.2688
6898,7,5.23,0.46,0.239,0.597,0.0062,0.308,5.5,45,200000,43.6,0.99,0.2022,0.0500,-0.1657,0.0000,0.0057,0.0000
3904,6,4.96,0.45,0.300,0.278,0.0360,0.085,6.0,51,50000,168.1,0.72,0.7543,0.1278,0.1061,0.0000,0.0137,0.0092
2626,5,2.73,0.44,0.249,0.666,0.0041,0.172,6.8,74,10000,8.5,1.21,0.9141,0.1500,0.3703,0.0000,0.0237,0.0477
1404,6,1.51,0.46,0.024,0.464,0.0404,0.115,4.8,69,200000,58.0,0.95,0.6301,0.1339,0.1813,0.0000,0.0355,0.0180
8900,4,4.99,0.49,0.104,0.425,0.0297,0.081,4.1,57,200000,195.6,1.77,0.4596,0.1009,0.0021,0.0000,0.0168,0.0001
3128,4,3.17,0.37,0.300,0.689,0.0156,0.205,1.8,30,100000,76.1,1.78,0.7294,0.1406,0.2809,0.0108,0.0139,0.0900
9477,4,1.78,0.41,0.267,0.203,0.0207,0.248,7.4,78,100000,212.5,1.77,0.4424,0.0863,0.0486,0.0000,0.0095,0.0018
5592,7,5.36,0.41,0.406,0.421,0.0016,0.065,2.4,62,10000,318.1,1.97,0.9569,0.1622,0.4107,0.0000,0.0392,0.1274
3202,7,2.94,0.43,0.356,0.563,0.0058,0.258,4.6,51,10000,47.4,1.60,0.9299,0.1562,0.4039,0.0000,0.0194,0.0648
3963,5,2.29,0.32,0.118,0.678,0.0298,0.026,3.0,54,10000,213.4,1.13,0.9772,0.1702,0.4484,0.0015,0.0303,0.2374
7528,7,2.97,0.42,0.181,0.231,0.0305,0.196,6.8,51,10000,114.7,0.71,0.9406,0.1592,0.4869,0.0000,0.0247,0.0815
9292,6,5.38,0.21,0.089,0.683,0.0395,0.353,1.4,57,50000,346.1,1.72,0.9106,0.1674,0.5114,0.0136,0.0290,0.4048
573,5,1.76,0.21,0.138,0.638,0.0152,0.228,7.4,33,10000,122.9,1.66,0.9305,0.1656,0.5900,0.0142,0.0204,0.4074
9447,7,3.41,0.37,0.327,0.715,0.0111,0.064,7.3,79,50000,28.0,0.86,0.6645,0.1168,0.2930,0.0000,0.0189,0.0413
7593,5,2.55,0.41,0.082,0.385,0.0382,0.346,1.9,46,10000,168.2,1.68,0.9817,0.1785,0.3637,0.0000,0.0295,0.1406
5500,7,3.47,0.21,0.191,0.539,0.0117,0.035,7.2,78,200000,181.0,1.24,0.1768,0.0437,0.0759,0.0000,0.0069,0.0020
836,6,2.75,0.25,0.118,0.791,0.0330,0.327,1.1,73,10000,130.1,0.83,0.9802,0.1828,0.6458,0.0053,0.0319,0.3589
9345,7,2.17,0.44,0.215,0.108,0.0323,0.202,3.3,45,100000,237.9,1.81,0.6503,0.1269,0.1501,0.0000,0.0139,0.0150
4502,7,2.87,0.46,0.206,0.631,0.0089,0.118,3.3,38,10000,233.5,1.95,0.9564,0.1624,0.2760,0.0000,0.0278,0.0537
4805,7,2.85,0.36,0.367,0.192,0.0331,0.134,5.9,42,50000,325.4,0.61,0.7244,0.1253,0.2679,0.0078,0.0149,0.0787
4918,6,2.78,0.43,0.049,0.556,0.0124,0.266,4.8,68,50000,202.3,0.71,0.8214,0.1499,0.2716,0.0000,0.0234,0.0535
6027,4,4.66,0.38,0.201,0.463,0.0348,0.116,4.7,66,100000,76.5,1.68,0.6430,0.1164,0.0790,0.0000,0.0091,0.0308
5299,4,2.24,0.43,0.231,0.408,0.0329,0.022,2.9,46,50000,355.8,1.35,0.8583,0.1593,0.3371,0.0000,0.0266,0.0783
9970,6,3.41,0.48,0.075,0.642,0.0171,0.181,4.7,65,200000,202.9,0.62,0.4269,0.0960,0.0161,0.0000,0.0174,0.0003
3860,4,2.11,0.49,0.378,0.176,0.0397,0.195,1.9,28,50000,197.5,1.67,0.8622,0.1633,0.2437,0.0016,0.0179,0.0391
1224,5,2.99,0.30,0.223,0.661,0.0027,0.082,4.6,25,100000,298.0,1.38,0.4868,0.1020,0.1754,0.0000,0.0141,0.0594
4377,5,1.82,0.20,0.126,0.534,0.0280,0.223,1.4,51,100000,317.0,0.96,0.7856,0.1645,0.5713,0.0205,0.0221,0.3371
8798,6,4.47,0.46,0.200,0.749,0.0076,0.320,5.6,18,10000,41.6,0.79,0.9222,0.1606,0.2775,0.0000,0.0292,0.0457
7621,4,4.44,0.46,0.038,0.327,0.0160,0.111,5.7,52,200000,160.9,0.68,0.4571,0.1025,0.1453,0.0000,0.0335,0.0020
9282,4,4.16,0.22,0.319,0.444,0.0022,0.348,7.5,43,100000,167.0,1.47,0.3231,0.0669,0.1751,0.0000,0.0067,0.0383
8999,5,4.48,0.44,0.140,0.776,0.0334,0.024,7.0,56,50000,314.6,0.78,0.7872,0.1370,0.2513,0.0000,0.0258,0.0315
5558,7,2.62,0.26,0.016,0.307,0.0312,0.204,8.0,18,50000,79.2,1.38,0.8860,0.1668,0.5896,0.0094,0.0338,0.3450
6236,4,2.64,0.45,0.247,0.290,0.0098,0.145,4.0,76,50000,195.4,1.83,0.7554,0.1347,0.2465,0.0000,0.0177,0.0253
4814,5,5.02,0.22,0.197,0.654,0.0362,0.106,7.6,21,50000,247.0,1.57,0.6972,0.1298,0.3169,0.0237,0.0137,0.2623
1678,7,2.02,0.47,0.154,0.468,0.0091,0.023,3.4,57,10000,272.1,0.53,0.9639,0.1711,0.3812,0.0000,0.0282,0.0708
6025,7,1.95,0.24,0.401,0.616,0.0139,0.274,6.7,43,100000,242.7,1.89,0.4496,0.0862,0.2003,0.0000,0.0076,0.0801
4279,6,1.55,0.41,0.035,0.519,0.0061,0.067,1.7,36,100000,92.6,1.29,0.8444,0.1791,0.3757,0.0063,0.0328,0.1355
178,6,2.39,0.24,0.276,0.187,0.0031,0.158,2.3,74,10000,58.4,1.71,0.9540,0.1583,0.4361,0.0113,0.0228,0.3565
9491,5,4.20,0.31,0.188,0.418,0.0398,0.278,1.7,47,100000,9.0,1.48,0.7707,0.1510,0.3261,0.0192,0.0156,0.2068
1575,7,5.02,0.35,0.266,0.699,0.0253,0.144,6.0,56,200000,191.8,1.51,0.2752,0.0616,-0.0146,0.0000,0.0056,0.0000
5495,7,2.19,0.27,0.327,0.695,0.0363,0.339,5.5,63,200000,176.5,1.63,0.3466,0.0752,0.0832,0.0000,0.0058,0.0186
8026,6,4.81,0.48,0.084,0.238,0.0204,0.038,7.8,25,50000,195.4,1.54,0.6851,0.1340,0.2577,0.0000,0.0403,0.0074
3068,4,4.46,0.27,0.310,0.199,0.0281,0.243,7.3,21,100000,213.4,1.79,0.3381,0.0796,0.1265,0.0000,0.0089,0.0326
1753,7,4.08,0.35,0.070,0.372,0.0309,0.275,1.4,18,50000,199.6,1.70,0.9383,0.1713,0.4532,0.0013,0.0372,0.1937
3352,4,4.30,0.37,0.296,0.541,0.0229,0.192,4.8,59,200000,71.5,1.13,0.3090,0.0677,-0.0196,0.0000,0.0055,0.0000
3494,4,2.37,0.47,0.194,0.265,0.0035,0.178,1.2,61,10000,156.6,1.19,0.9727,0.1675,0.4471,0.0000,0.0276,0.0643
1537,7,3.56,0.28,0.068,0.230,0.0183,0.113,6.6,46,50000,348.1,0.98,0.7527,0.1406,0.4673,0.0117,0.0331,0.2036
9632,5,2.24,0.39,0.046,0.412,0.0046,0.066,1.3,58,100000,194.7,0.73,0.8436,0.1747,0.4439,0.0005,0.0376,0.1315
3189,6,5.40,0.29,0.201,0.285,0.0059,0.256,4.3,54,100000,2.5,0.93,0.5160,0.0989,0.1826,0.0029,0.0081,0.0640
128,7,4.28,0.36,0.244,0.275,0.0240,0.038,2.9,63,100000,106.2,1.09,0.6918,0.1293,0.2388,0.0000,0.0166,0.0730
9886,5,4.91,0.23,0.117,0.781,0.0049,0.203,7.1,60,10000,115.7,1.24,0.9272,0.1546,0.4570,0.0050,0.0221,0.3629
7022,4,4.21,0.35,0.292,0.225,0.0147,0.203,4.0,21,10000,167.0,1.24,0.9225,0.1611,0.4877,0.0009,0.0320,0.1972
2912,6,3.55,0.21,0.405,0.575,0.0379,0.309,2.9,63,50000,305.4,1.04,0.8460,0.1474,0.3978,0.0278,0.0100,0.3553
335,4,5.44,0.24,0.127,0.362,0.0030,0.212,4.8,39,10000,145.0,1.68,0.9328,0.1597,0.5288,0.0012,0.0306,0.3565
1167,4,1.79,0.37,0.117,0.373,0.0257,0.072,5.8,48,100000,13.9,1.73,0.6099,0.1172,0.1614,0.0000,0.0215,0.0457
6424,6,2.12,0.33,0.189,0.680,0.0060,0.139,2.0,24,200000,203.8,0.93,0.4990,0.1186,0.2612,0.0057,0.0192,0.0645
897,5,3.55,0.42,0.092,0.177,0.0115,0.340,4.9,71,50000,282.1,1.58,0.7537,0.1363,0.1743,0.0061,0.0157,0.0498
4588,6,2.14,0.31,0.279,0.763,0.0140,0.215,6.1,46,200000,151.8,0.68,0.2237,0.0522,0.0015,0.0000,0.0050,0.0001
5736,6,4.20,0.49,0.368,0.454,0.0117,0.171,3.1,26,50000,239.0,1.91,0.7623,0.1378,0.0489,0.0000,0.0129,0.0008
9281,6,4.56,0.22,0.288,0.359,0.0292,0.346,3.6,39,50000,74.9,1.69,0.8075,0.1389,0.2765,0.0237,0.0078,0.3145
6191,7,2.40,0.31,0.396,0.164,0.0259,0.107,4.8,54,200000,96.0,1.39,0.2608,0.0593,0.0079,0.0000,0.0061,0.0001
2785,5,1.60,0.25,0.239,0.448,0.0175,0.136,1.1,64,200000,294.9,1.48,0.5532,0.1227,0.3601,0.0152,0.0183,0.1686
511,5,5.37,0.26,0.121,0.427,0.0081,0.155,7.2,34,10000,84.7,1.91,0.9149,0.1563,0.5116,0.0023,0.0325,0.3226
5718,5,1.64,0.32,0.393,0.449,0.0206,0.260,1.6,31,200000,336.8,0.82,0.5306,0.1300,0.2836,0.0049,0.0119,0.0997
7116,5,1.98,0.38,0.089,0.383,0.0293,0.073,1.3,28,50000,111.5,1.00,0.9121,0.1699,0.4082,0.0009,0.0280,0.1339
7990,5,3.77,0.32,0.070,0.653,0.0097,0.138,7.5,21,200000,116.8,1.44,0.1990,0.0623,0.0665,0.0000,0.0166,0.0031
3200,4,1.79,0.49,0.076,0.122,0.0407,0.174,6.3,66,10000,106.0,0.93,0.9567,0.1670,0.1907,0.0000,0.0229,0.0513
8303,4,1.61,0.36,0.053,0.608,0.0033,0.232,5.9,20,10000,52.9,1.55,0.9516,0.1647,0.4068,0.0037,0.0235,0.1633
1449,7,3.28,0.44,0.123,0.657,0.0399,0.146,1.6,50,10000,38.4,0.62,0.9812,0.1773,0.3923,0.0000,0.0352,0.1008
2779,5,4.92,0.21,0.256,0.290,0.0053,0.025,7.7,78,200000,121.0,1.09,0.0997,0.0283,-0.0293,0.0000,0.0064,0.0000
5984,6,2.20,0.39,0.044,0.748,0.0114,0.032,7.2,79,100000,8.6,1.95,0.6341,0.1254,0.3072,0.0000,0.0417,0.0452
4988,5,4.37,0.42,0.286,0.745,0.0190,0.033,4.1,61,50000,280.7,1.49,0.7986,0.1385,0.2943,0.0000,0.0230,0.0396
8747,6,1.73,0.26,0.015,0.176,0.0167,0.113,2.4,41,50000,77.6,1.20,0.9452,0.1844,0.5340,0.0150,0.0276,0.3047
1811,7,5.42,0.32,0.148,0.681,0.0040,0.045,6.4,66,50000,117.9,0.82,0.6860,0.1247,0.3359,0.0037,0.0253,0.1150
4143,7,5.19,0.25,0.352,0.376,0.0395,0.227,1.4,58,200000,2.6,1.55,0.5520,0.1264,0.2558,0.0209,0.0114,0.1894
9147,6,2.38,0.29,0.374,0.451,0.0122,0.091,6.2,55,50000,31.1,0.59,0.6693,0.1185,0.3328,0.0106,0.0180,0.1321
9490,6,2.95,0.23,0.330,0.610,0.0398,0.263,5.9,44,100000,133.5,0.57,0.5982,0.1091,0.2985,0.0160,0.0073,0.1788
8212,6,4.86,0.24,0.073,0.780,0.0286,0.136,7.4,47,200000,316.8,1.21,0.3460,0.0779,0.2019,0.0000,0.0121,0.0464
8261,7,1.74,0.40,0.138,0.686,0.0047,0.179,4.1,39,200000,92.7,1.92,0.3219,0.0766,0.0920,0.0000,0.0136,0.0013
2783,6,2.54,0.27,0.061,0.694,0.0112,0.137,5.8,65,50000,140.8,1.42,0.7720,0.1414,0.5683,0.0131,0.0292,0.2275
1147,5,1.54,0.21,0.044,0.438,0.0262,0.330,7.3,17,10000,239.1,0.53,0.9553,0.1685,0.4869,0.0084,0.0224,0.4375
5338,7,1.76,0.31,0.059,0.508,0.0082,0.111,5.9,77,50000,36.0,1.54,0.7667,0.1523,0.3575,0.0132,0.0299,0.1752
309,4,3.59,0.24,0.073,0.568,0.0035,0.307,6.1,62,50000,170.0,1.12,0.7143,0.1318,0.4035,0.0189,0.0170,0.2195
7741,5,5.31,0.31,0.289,0.517,0.0090,0.359,3.2,34,100000,106.6,0.96,0.5949,0.1136,0.1193,0.0007,0.0070,0.0870
8086,5,2.22,0.33,0.175,0.737,0.0145,0.260,4.2,41,200000,141.5,1.63,0.3509,0.0819,0.1068,0.0000,0.0096,0.0077
9961,7,2.62,0.44,0.101,0.515,0.0396,0.300,6.7,70,50000,121.4,0.98,0.8027,0.1397,0.2028,0.0000,0.0153,0.0270
5038,5,2.99,0.41,0.376,0.258,0.0347,0.186,7.0,56,50000,240.8,0.95,0.7136,0.1219,0.1988,0.0000,0.0122,0.0235
5616,4,3.82,0.30,0.373,0.491,0.0258,0.297,5.2,30,10000,258.3,1.26,0.9350,0.1568,0.3894,0.0032,0.0216,0.2629
7028,5,4.80,0.20,0.237,0.690,0.0051,0.064,3.8,69,50000,123.3,1.61,0.7609,0.1336,0.5186,0.0231,0.0210,0.3221
1668,7,3.00,0.24,0.139,0.528,0.0214,0.330,1.2,72,200000,89.9,1.23,0.6010,0.1400,0.4133,0.0196,0.0185,0.2237
7780,6,3.26,0.47,0.112,0.559,0.0095,0.305,4.7,47,10000,243.2,1.79,0.9490,0.1632,0.3066,0.0000,0.0256,0.0509
8259,4,2.14,0.25,0.104,0.266,0.0244,0.154,3.7,60,200000,159.6,1.20,0.4447,0.0983,0.3115,0.0081,0.0172,0.0909
1062,7,2.13,0.40,0.190,0.503,0.0216,0.225,1.5,41,100000,257.3,1.25,0.7683,0.1537,0.4341,0.0008,0.0199,0.0790
6874,6,4.12,0.39,0.175,0.590,0.0121,0.100,6.5,35,100000,271.9,1.82,0.4646,0.0926,0.1067,0.0000,0.0116,0.0041
132,7,3.68,0.32,0.408,0.797,0.0186,0.128,4.8,29,10000,246.5,1.78,0.9409,0.1626,0.4952,0.0005,0.0309,0.2590
993,5,3.31,0.43,0.327,0.412,0.0271,0.238,4.8,18,50000,272.3,1.62,0.7242,0.1365,0.2005,0.0000,0.0155,0.0230
7429,4,4.14,0.30,0.283,0.382,0.0328,0.289,4.9,54,50000,25.0,1.52,0.7806,0.1318,0.2244,0.0162,0.0078,0.1918
7193,4,2.49,0.24,0.133,0.779,0.0326,0.136,5.2,75,100000,289.5,0.54,0.6513,0.1182,0.3448,0.0175,0.0157,0.1993
3102,4,1.51,0.34,0.347,0.651,0.0265,0.256,2.8,31,100000,243.6,0.84,0.7051,0.1370,0.2515,0.0040,0.0110,0.1233
2816,4,2.52,0.36,0.303,0.368,0.0043,0.144,6.1,53,200000,145.5,1.12,0.1485,0.0396,-0.1087,0.0000,0.0059,0.0000
7870,7,5.22,0.24,0.112,0.700,0.0128,0.067,1.6,51,200000,285.8,0.65,0.5879,0.1337,0.4906,0.0184,0.0316,0.1988
2819,4,4.33,0.34,0.334,0.499,0.0374,0.280,5.8,62,10000,38.6,0.60,0.9564,0.1579,0.4372,0.0030,0.0206,0.2250
4210,7,2.04,0.38,0.265,0.519,0.0031,0.042,1.0,59,200000,277.7,0.67,0.5827,0.1395,0.2349,0.0000,0.0257,0.0630
8199,7,2.99,0.26,0.206,0.422,0.0185,0.347,1.7,17,200000,243.7,0.89,0.5570,0.1288,0.3605,0.0164,0.0166,0.1749
8342,6,5.41,0.23,0.100,0.677,0.0041,0.030,4.1,37,200000,10.3,1.26,0.3649,0.0857,0.2742,0.0000,0.0264,0.0714
1950,4,4.21,0.28,0.156,0.755,0.0152,0.293,6.2,78,10000,143.8,1.25,0.9442,0.1576,0.4139,0.0037,0.0184,0.2976
6472,6,2.44,0.30,0.372,0.420,0.0140,0.310,6.4,50,50000,40.8,1.85,0.6526,0.1169,0.3529,0.0021,0.0111,0.1176
9475,4,5.27,0.32,0.242,0.341,0.0282,0.205,2.9,40,100000,103.2,1.73,0.6928,0.1290,0.2105,0.0169,0.0092,0.1304
7413,7,5.38,0.23,0.219,0.505,0.0250,0.353,2.2,44,50000,295.8,0.67,0.8599,0.1507,0.3932,0.0292,0.0108,0.3490
5712,4,1.79,0.33,0.207,0.495,0.0162,0.328,7.9,35,50000,311.8,1.05,0.6420,0.1176,0.3737,0.0040,0.0139,0.0761
553,7,4.25,0.31,0.105,0.763,0.0210,0.091,6.0,42,10000,320.1,1.52,0.9582,0.1670,0.5298,0.0002,0.0418,0.2451
5341,5,3.40,0.43,0.245,0.185,0.0117,0.056,6.4,47,200000,174.2,1.75,0.1486,0.0387,-0.1443,0.0000,0.0056,0.0000
7226,5,4.56,0.43,0.243,0.172,0.0297,0.053,4.7,65,10000,105.6,1.69,0.9565,0.1627,0.3662,0.0000,0.0446,0.0836
8739,6,2.37,0.46,0.314,0.229,0.0310,0.172,1.2,20,100000,156.8,0.83,0.7781,0.1479,0.2901,0.0000,0.0200,0.0212
7440,4,2.57,0.28,0.138,0.242,0.0229,0.129,2.6,18,200000,167.6,1.94,0.4624,0.1142,0.3642,0.0029,0.0214,0.0854
7862,7,5.13,0.20,0.217,0.227,0.0401,0.142,2.7,57,100000,329.1,1.88,0.7163,0.1353,0.3439,0.0346,0.0114,0.3101
2997,4,3.24,0.41,0.154,0.330,0.0224,0.306,3.5,55,50000,308.1,0.86,0.8198,0.1427,0.2586,0.0000,0.0160,0.0579
904,4,4.98,0.39,0.233,0.626,0.0367,0.332,3.8,66,100000,199.4,0.53,0.6796,0.1248,0.0982,0.0000,0.0070,0.0385
2549,4,2.93,0.35,0.189,0.347,0.0156,0.214,7.3,45,100000,325.8,1.30,0.4212,0.0833,0.1571,0.0000,0.0098,0.0071
1366,5,5.48,0.33,0.147,0.136,0.0317,0.030,1.6,62,10000,182.8,1.40,0.9837,0.1758,0.5344,0.0000,0.0568,0.2413
1626,4,4.78,0.47,0.129,0.717,0.0279,0.290,1.5,34,10000,176.1,1.79,0.9815,0.1742,0.3972,0.0000,0.0431,0.0724
5030,7,5.02,0.26,0.324,0.775,0.0057,0.310,5.3,45,50000,332.9,1.96,0.6852,0.1210,0.2392,0.0069,0.0074,0.1865
5019,5,3.52,0.25,0.215,0.695,0.0369,0.133,2.3,37,10000,274.8,0.50,0.9760,0.1712,0.6331,0.0076,0.0328,0.3696
235,7,5.10,0.22,0.063,0.453,0.0236,0.069,4.8,72,200000,63.9,1.85,0.4666,0.1019,0.3233,0.0088,0.0264,0.1389
5434,5,2.45,0.36,0.234,0.726,0.0382,0.308,3.7,42,200000,106.6,1.86,0.4549,0.1007,0.0719,0.0000,0.0080,0.0106
6392,7,4.79,0.29,0.226,0.181,0.0084,0.227,7.6,31,50000,344.9,1.33,0.5269,0.1054,0.1624,0.0008,0.0098,0.0797
4197,5,2.61,0.49,0.154,0.328,0.0115,0.208,3.1,41,200000,41.3,1.46,0.4039,0.0947,-0.0165,0.0000,0.0131,0.0000
8691,4,2.75,0.39,0.185,0.522,0.0071,0.132,7.1,53,50000,124.5,0.85,0.6384,0.1200,0.3338,0.0000,0.0183,0.0364
616,6,2.80,0.38,0.100,0.295,0.0408,0.089,4.3,49,10000,207.0,1.14,0.9709,0.1729,0.4528,0.0008,0.0337,0.1467
9696,6,2.37,0.30,0.231,0.595,0.0278,0.276,2.7,22,200000,111.2,0.95,0.4740,0.1101,0.1985,0.0025,0.0113,0.0720
3548,5,5.45,0.37,0.333,0.752,0.0296,0.013,2.9,50,10000,87.4,1.56,0.9760,0.1696,0.4798,0.0003,0.0466,0.1951
8357,6,3.71,0.32,0.228,0.616,0.0097,0.142,5.4,47,10000,46.8,1.30,0.9341,0.1602,0.4693,0.0011,0.0282,0.2274
6385,6,3.86,0.44,0.251,0.110,0.0132,0.152,7.5,53,100000,86.2,1.88,0.3399,0.0684,-0.0656,0.0000,0.0081,0.0000
6434,6,1.71,0.41,0.052,0.782,0.0262,0.137,7.1,16,100000,75.2,1.78,0.5799,0.1252,0.2011,0.0000,0.0305,0.0200
5724,4,3.27,0.42,0.369,0.700,0.0018,0.277,3.1,24,200000,150.2,1.17,0.3013,0.0786,-0.0140,0.0000,0.0080,0.0000
2278,5,4.64,0.47,0.032,0.319,0.0200,0.300,1.7,47,50000,116.4,1.89,0.9427,0.1730,0.3313,0.0000,0.0392,0.0607
1553,7,4.24,0.43,0.228,0.368,0.0395,0.022,4.1,29,100000,346.1,0.80,0.6648,0.1235,0.0692,0.0000,0.0145,0.0089
3827,7,5.32,0.31,0.235,0.545,0.0112,0.067,6.2,29,200000,207.8,1.94,0.1689,0.0462,-0.0363,0.0000,0.0064,0.0000
8964,5,4.46,0.34,0.240,0.184,0.0327,0.184,5.9,22,100000,27.8,1.29,0.4414,0.0960,0.0805,0.0000,0.0095,0.0193
352,5,5.13,0.44,0.079,0.676,0.0293,0.135,7.5,52,200000,315.0,1.61,0.3266,0.0731,-0.0288,0.0000,0.0099,0.0000
6875,6,2.44,0.32,0.280,0.175,0.0333,0.212,4.4,52,100000,105.9,1.95,0.6106,0.1130,0.1443,0.0046,0.0086,0.0790
8412,5,2.30,0.40,0.323,0.714,0.0340,0.345,5.2,64,10000,92.3,1.94,0.9582,0.1638,0.3874,0.0032,0.0198,0.1146
7540,5,3.95,0.49,0.332,0.705,0.0305,0.231,4.0,22,50000,94.3,0.94,0.7856,0.1399,0.0648,0.0000,0.0120,0.0015
9698,6,1.60,0.36,0.371,0.529,0.0339,0.193,7.9,34,200000,55.9,0.87,0.2204,0.0512,-0.0679,0.0000,0.0049,0.0000
9974,7,5.45,0.23,0.373,0.785,0.0189,0.226,3.5,51,200000,348.0,1.28,0.3779,0.0829,0.1595,0.0000,0.0061,0.0728
4299,4,1.58,0.32,0.127,0.757,0.0165,0.129,7.4,21,200000,335.7,0.58,0.1905,0.0552,-0.0189,0.0000,0.0090,0.0000
6430,4,3.63,0.43,0.391,0.419,0.0297,0.014,7.1,68,10000,231.8,1.02,0.9503,0.1650,0.4118,0.0000,0.0438,0.0859
2830,7,4.80,0.38,0.075,0.141,0.0022,0.053,2.3,53,10000,181.0,1.36,0.9763,0.1754,0.5175,0.0000,0.0528,0.1470
2167,7,3.31,0.23,0.336,0.138,0.0024,0.025,3.4,34,100000,30.1,1.37,0.5162,0.1052,0.2603,0.0083,0.0172,0.1541
5106,7,4.57,0.37,0.174,0.364,0.0035,0.038,5.6,50,200000,185.2,0.94,0.1929,0.0487,-0.0737,0.0000,0.0089,0.0000
8736,4,4.47,0.34,0.228,0.122,0.0089,0.342,2.7,70,10000,201.7,1.67,0.9505,0.1604,0.3565,0.0011,0.0237,0.2256
5898,5,2.18,0.48,0.226,0.619,0.0024,0.207,4.8,29,10000,127.4,1.43,0.9319,0.1722,0.2870,0.0000,0.0219,0.0628
1262,6,5.20,0.37,0.138,0.756,0.0329,0.315,2.3,16,200000,107.9,1.81,0.5629,0.1310,0.1258,0.0041,0.0162,0.0594
525,5,4.11,0.28,0.387,0.246,0.0324,0.152,6.5,63,10000,327.7,1.56,0.9425,0.1545,0.5456,0.0038,0.0266,0.3073
7724,5,3.02,0.30,0.326,0.372,0.0346,0.136,7.3,59,100000,8.5,1.52,0.5163,0.0948,0.1382,0.0000,0.0085,0.0499
6229,7,2.03,0.32,0.128,0.709,0.0038,0.283,5.8,57,50000,326.8,0.92,0.6972,0.1258,0.2987,0.0101,0.0144,0.1093
1458,7,4.62,0.30,0.313,0.110,0.0351,0.121,2.2,50,10000,177.3,1.78,0.9678,0.1658,0.5007,0.0007,0.0357,0.2810
9118,4,3.10,0.24,0.288,0.541,0.0247,0.152,5.1,67,50000,98.6,1.07,0.7675,0.1323,0.3973,0.0202,0.0140,0.2541
402,6,2.39,0.22,0.251,0.431,0.0029,0.187,2.7,15,200000,208.8,1.35,0.3447,0.0972,0.2462,0.0093,0.0149,0.1052
94,7,2.38,0.34,0.184,0.547,0.0232,0.034,7.7,17,200000,136.1,1.31,0.1180,0.0388,-0.0682,0.0000,0.0090,0.0000
2776,6,5.02,0.37,0.021,0.454,0.0395,0.114,7.8,28,200000,34.9,0.62,0.5473,0.1291,0.2595,0.0000,0.0381,0.0641
202,7,4.38,0.40,0.023,0.675,0.0243,0.277,5.3,64,50000,66.9,0.69,0.8910,0.1640,0.3077,0.0028,0.0294,0.1304
6348,7,3.06,0.22,0.252,0.691,0.0226,0.236,2.4,38,200000,224.8,1.52,0.4863,0.1070,0.1804,0.0172,0.0095,0.1594
739,6,4.03,0.21,0.255,0.186,0.0160,0.184,5.3,63,10000,126.2,0.93,0.9304,0.1552,0.5742,0.0086,0.0229,0.3953
5567,7,2.28,0.40,0.377,0.586,0.0183,0.239,7.1,24,100000,327.3,1.84,0.4102,0.0866,0.0597,0.0000,0.0092,0.0012
2534,6,2.68,0.45,0.187,0.166,0.0405,0.029,6.2,78,10000,47.1,1.38,0.9539,0.1613,0.4022,0.0000,0.0364,0.0619
634,7,5.00,0.20,0.040,0.127,0.0327,0.221,3.0,52,50000,161.7,1.31,0.9049,0.1668,0.5900,0.0081,0.0347,0.4127
9296,4,2.79,0.26,0.196,0.606,0.0067,0.011,7.1,69,50000,72.3,1.69,0.6784,0.1281,0.4537,0.0096,0.0279,0.1911
2558,5,5.29,0.44,0.403,0.145,0.0038,0.277,5.4,59,10000,280.4,1.78,0.8888,0.1452,0.1395,0.0000,0.0141,0.0319
8709,4,1.53,0.49,0.394,0.692,0.0125,0.359,2.2,63,100000,262.8,1.32,0.6944,0.1264,0.0935,0.0000,0.0103,0.0030
4073,5,2.11,0.26,0.376,0.573,0.0099,0.279,6.5,46,100000,235.3,1.22,0.4315,0.0867,0.1833,0.0000,0.0077,0.0601
3848,5,4.23,0.29,0.237,0.481,0.0149,0.150,7.0,17,200000,357.9,1.85,0.0995,0.0366,-0.0221,0.0000,0.0065,0.0000
3547,6,2.74,0.23,0.235,0.253,0.0116,0.174,5.6,55,200000,220.1,1.16,0.2006,0.0485,0.0455,0.0000,0.0057,0.0021
1038,6,2.68,0.23,0.253,0.348,0.0206,0.136,4.2,68,10000,112.8,1.80,0.9549,0.1656,0.6525,0.0082,0.0275,0.3952
1853,4,1.96,0.37,0.170,0.211,0.0127,0.024,3.2,61,200000,165.2,1.54,0.4112,0.0928,0.1043,0.0000,0.0181,0.0030
4351,4,2.03,0.42,0.346,0.150,0.0354,0.290,4.1,61,50000,37.7,1.65,0.7914,0.1416,0.1615,0.0000,0.0127,0.0576
6402,5,3.56,0.47,0.284,0.798,0.0099,0.146,1.2,19,10000,127.3,0.65,0.9760,0.1765,0.3346,0.0000,0.0363,0.0787
4532,4,4.40,0.43,0.377,0.686,0.0169,0.247,7.4,32,200000,81.9,1.60,0.1559,0.0412,-0.1983,0.0000,0.0045,0.0000
2423,4,2.99,0.42,0.203,0.106,0.0326,0.348,4.6,72,10000,188.9,1.14,0.9483,0.1593,0.3637,0.0000,0.0246,0.0732
4625,5,3.66,0.32,0.068,0.645,0.0260,0.224,5.3,61,200000,26.8,1.49,0.4353,0.0969,0.1868,0.0000,0.0154,0.0333
2683,5,4.52,0.42,0.065,0.302,0.0074,0.256,6.3,29,100000,5.7,0.93,0.4852,0.1120,0.1505,0.0000,0.0183,0.0167
3445,5,2.55,0.48,0.117,0.241,0.0153,0.320,3.6,75,10000,49.4,1.28,0.9591,0.1631,0.3110,0.0000,0.0241,0.0469
4487,4,2.98,0.39,0.127,0.309,0.0045,0.250,6.2,42,100000,75.8,1.70,0.4313,0.0883,0.0436,0.0000,0.0118,0.0019
2369,5,2.81,0.41,0.111,0.468,0.0055,0.207,4.0,35,50000,126.0,1.52,0.7648,0.1431,0.3007,0.0000,0.0224,0.0490
8734,5,5.15,0.47,0.186,0.533,0.0092,0.013,6.9,18,200000,119.8,0.69,0.1142,0.0381,-0.2040,0.0000,0.0107,0.0000
7171,4,5.09,0.38,0.366,0.136,0.0065,0.195,7.7,20,100000,201.1,1.50,0.1870,0.0559,-0.0079,0.0000,0.0110,0.0000
6119,5,3.77,0.20,0.328,0.115,0.0387,0.306,4.0,66,200000,278.7,1.77,0.3350,0.0769,0.1619,0.0105,0.0065,0.0757
5920,6,4.42,0.32,0.096,0.796,0.0241,0.124,6.7,74,50000,238.8,1.75,0.7783,0.1370,0.4582,0.0133,0.0226,0.1605
2990,6,5.16,0.47,0.095,0.347,0.0101,0.277,1.0,66,50000,158.9,1.74,0.9013,0.1652,0.2443,0.0000,0.0277,0.0400
3120,4,1.82,0.29,0.176,0.187,0.0313,0.327,4.2,50,200000,288.0,1.35,0.3690,0.0814,0.0557,0.0000,0.0079,0.0163
5641,4,2.90,0.44,0.207,0.733,0.0083,0.139,6.1,40,100000,334.5,1.27,0.4736,0.0927,0.0401,0.0000,0.0107,0.0004
4214,6,2.37,0.38,0.327,0.302,0.0239,0.345,5.8,40,50000,88.3,1.27,0.7056,0.1237,0.2494,0.0000,0.0118,0.0519
5386,4,3.57,0.45,0.409,0.181,0.0147,0.128,6.5,24,50000,148.9,0.80,0.5655,0.1134,0.1375,0.0000,0.0188,0.0027
5370,6,5.05,0.38,0.327,0.206,0.0320,0.305,5.9,24,200000,247.6,1.81,0.1774,0.0493,-0.0705,0.0000,0.0060,0.0000
5113,7,5.17,0.46,0.289,0.174,0.0125,0.360,3.6,22,50000,306.4,1.82,0.7013,0.1335,0.0001,0.0000,0.0093,0.0001
8127,4,2.45,0.39,0.201,0.663,0.0163,0.181,6.3,75,100000,25.4,0.64,0.4984,0.0967,0.1597,0.0000,0.0104,0.0068
937,6,4.11,0.45,0.384,0.682,0.0397,0.096,5.2,37,50000,151.5,1.86,0.7932,0.1359,0.1429,0.0000,0.0137,0.0146
3082,7,2.73,0.25,0.223,0.125,0.0293,0.147,3.4,54,100000,217.9,0.61,0.6472,0.1216,0.2347,0.0243,0.0134,0.1912
8827,5,2.56,0.43,0.035,0.692,0.0326,0.045,1.1,50,10000,124.6,1.30,0.9928,0.1848,0.4184,0.0000,0.0355,0.1411
201,7,2.11,0.26,0.340,0.671,0.0300,0.022,4.5,45,50000,64.8,1.37,0.8037,0.1376,0.3667,0.0162,0.0203,0.2484
341,5,2.32,0.43,0.065,0.133,0.0316,0.106,7.6,45,50000,353.0,1.77,0.7643,0.1459,0.3058,0.0000,0.0336,0.0477
5750,4,2.88,0.29,0.157,0.773,0.0266,0.135,1.1,66,200000,86.2,0.70,0.5982,0.1355,0.4298,0.0044,0.0249,0.1536
7895,5,4.01,0.32,0.019,0.160,0.0082,0.242,6.7,41,50000,321.4,0.88,0.8384,0.1617,0.4525,0.0039,0.0332,0.2180
2987,7,5.11,0.22,0.185,0.221,0.0155,0.198,2.7,54,10000,247.9,0.80,0.9632,0.1646,0.5607,0.0014,0.0319,0.4039
2191,7,1.67,0.21,0.246,0.777,0.0260,0.135,2.8,42,50000,232.1,1.34,0.8520,0.1550,0.4516,0.0212,0.0162,0.3822
8955,6,3.99,0.43,0.295,0.416,0.0026,0.345,5.6,71,50000,164.1,1.92,0.6331,0.1135,0.0618,0.0000,0.0072,0.0067
672,7,2.47,0.36,0.305,0.758,0.0084,0.333,7.1,30,200000,223.5,1.69,0.1500,0.0422,-0.1234,0.0000,0.0052,0.0000
9262,6,1.71,0.21,0.148,0.280,0.0214,0.355,2.9,60,200000,329.2,1.22,0.4595,0.1042,0.2761,0.0180,0.0120,0.1522
2370,4,2.07,0.37,0.036,0.510,0.0039,0.092,7.3,70,100000,41.7,1.56,0.5736,0.1241,0.3638,0.0000,0.0430,0.0511
7049,5,3.62,0.21,0.181,0.102,0.0398,0.324,4.7,41,100000,325.4,1.43,0.5948,0.1136,0.2451,0.0255,0.0081,0.2175
1993,5,2.98,0.44,0.039,0.329,0.0039,0.305,5.9,16,10000,281.2,0.96,0.9624,0.1707,0.3377,0.0000,0.0348,0.0927
346,6,3.82,0.21,0.321,0.756,0.0143,0.242,4.9,23,50000,164.2,0.87,0.7126,0.1309,0.3170,0.0221,0.0112,0.2953
9123,6,5.48,0.41,0.311,0.267,0.0384,0.198,3.7,56,200000,311.6,0.66,0.3970,0.0872,-0.0251,0.0000,0.0064,0.0000
7889,6,4.85,0.20,0.150,0.624,0.0298,0.098,7.8,31,100000,114.6,1.25,0.4998,0.0973,0.2491,0.0197,0.0107,0.1669
9667,5,4.96,0.39,0.131,0.739,0.0227,0.291,3.9,51,50000,305.2,1.99,0.8221,0.1439,0.2139,0.0100,0.0114,0.0912
5428,5,4.06,0.39,0.043,0.600,0.0377,0.358,2.0,60,200000,297.2,1.32,0.6917,0.1543,0.2590,0.0052,0.0239,0.0815
7078,6,1.57,0.48,0.114,0.574,0.0095,0.053,2.9,56,50000,241.5,1.61,0.8445,0.1552,0.2178,0.0000,0.0272,0.0391
9523,6,5.42,0.31,0.040,0.794,0.0014,0.037,2.4,37,10000,220.6,0.98,0.9882,0.1770,0.6481,0.0012,0.0584,0.2510
6040,6,4.04,0.45,0.248,0.128,0.0049,0.192,2.4,16,50000,282.5,1.20,0.7722,0.1492,0.2407,0.0000,0.0232,0.0269
1700,7,2.10,0.28,0.301,0.778,0.0373,0.272,6.3,37,100000,4.9,1.66,0.5893,0.1087,0.1987,0.0078,0.0071,0.1099
8347,6,4.31,0.35,0.082,0.384,0.0260,0.044,1.5,56,10000,175.4,1.18,0.9864,0.1773,0.5199,0.0000,0.0492,0.1897
6312,6,4.76,0.42,0.230,0.237,0.0372,0.280,6.7,30,100000,334.4,1.90,0.4982,0.0963,0.0016,0.0000,0.0070,0.0001
6445,5,3.16,0.45,0.102,0.535,0.0028,0.352,2.4,51,200000,294.2,1.55,0.4698,0.1077,0.0721,0.0000,0.0143,0.0012
3794,7,2.32,0.23,0.068,0.564,0.0337,0.247,3.4,32,200000,336.4,0.52,0.5501,0.1230,0.4257,0.0123,0.0223,0.1834
8178,7,4.89,0.20,0.132,0.642,0.0237,0.207,6.3,28,50000,245.0,0.85,0.7241,0.1336,0.3950,0.0260,0.0123,0.2932
8652,5,1.80,0.33,0.043,0.798,0.0028,0.261,6.7,18,10000,204.0,1.59,0.9531,0.1688,0.4002,0.0000,0.0248,0.2224
2667,4,5.26,0.29,0.068,0.437,0.0341,0.160,6.6,26,50000,46.7,0.79,0.7880,0.1468,0.4278,0.0185,0.0271,0.2211
429,4,2.58,0.39,0.263,0.468,0.0356,0.270,6.6,41,10000,217.6,1.87,0.9449,0.1575,0.4029,0.0011,0.0221,0.1117
9374,7,1.84,0.20,0.334,0.296,0.0126,0.087,4.6,44,10000,224.6,1.18,0.9406,0.1618,0.5535,0.0120,0.0258,0.4312
1993,5,5.40,0.22,0.104,0.761,0.0104,0.300,7.7,74,50000,160.2,0.80,0.6948,0.1229,0.2675,0.0220,0.0084,0.2390
411,7,2.87,0.34,0.293,0.335,0.0169,0.347,4.8,70,50000,123.8,1.70,0.7391,0.1265,0.1988,0.0063,0.0090,0.1065
8497,7,1.64,0.36,0.284,0.553,0.0076,0.209,3.3,44,10000,277.1,1.60,0.9535,0.1819,0.4645,0.0083,0.0195,0.1909
6603,6,2.92,0.50,0.035,0.548,0.0331,0.145,2.7,42,100000,315.4,0.56,0.8357,0.1652,0.3104,0.0000,0.0337,0.0305
2887,4,1.92,0.40,0.229,0.541,0.0113,0.315,1.7,36,10000,285.8,1.13,0.9724,0.1784,0.3597,0.0065,0.0208,0.1597
7978,4,4.93,0.41,0.169,0.501,0.0304,0.196,5.7,61,200000,218.1,1.34,0.3183,0.0703,-0.0507,0.0000,0.0064,0.0000
7041,7,5.41,0.38,0.198,0.211,0.0209,0.339,3.5,22,200000,166.7,1.51,0.3055,0.0828,0.0182,0.0000,0.0088,0.0004
1397,5,2.72,0.37,0.146,0.494,0.0236,0.303,6.9,65,10000,189.7,1.29,0.9466,0.1662,0.4581,0.0042,0.0220,0.1605
3029,5,2.34,0.38,0.144,0.449,0.0048,0.274,7.5,31,200000,321.1,1.23,0.1267,0.0381,-0.1463,0.0000,0.0062,0.0000
6354,7,2.64,0.33,0.379,0.377,0.0028,0.180,4.0,31,50000,82.2,0.66,0.6951,0.1342,0.3409,0.0056,0.0166,0.1207
435,7,5.32,0.46,0.102,0.416,0.0045,0.164,7.0,27,200000,262.5,1.62,0.1343,0.0440,-0.1015,0.0000,0.0095,0.0000
9643,6,2.14,0.26,0.098,0.389,0.0043,0.177,7.5,56,200000,199.1,1.10,0.1672,0.0444,0.0704,0.0000,0.0096,0.0008
1315,5,3.68,0.46,0.029,0.788,0.0212,0.343,4.2,21,10000,287.2,0.60,0.9828,0.1791,0.3733,0.0000,0.0412,0.0933
4402,5,3.20,0.43,0.302,0.489,0.0288,0.062,4.0,45,10000,117.5,0.83,0.9634,0.1641,0.3783,0.0000,0.0346,0.0781
8160,4,5.13,0.23,0.151,0.382,0.0194,0.144,3.2,54,10000,321.4,1.98,0.9665,0.1661,0.6811,0.0009,0.0400,0.3896
7464,4,4.79,0.35,0.201,0.353,0.0070,0.076,7.8,59,200000,18.3,0.72,0.1132,0.0310,-0.1635,0.0000,0.0046,0.0000
9975,6,4.30,0.41,0.015,0.254,0.0270,0.014,2.2,46,100000,16.1,1.01,0.9559,0.1770,0.4079,0.0000,0.0502,0.1161
3945,6,4.09,0.24,0.326,0.473,0.0328,0.214,6.7,44,200000,116.9,1.88,0.2556,0.0574,0.0607,0.0000,0.0054,0.0074
9651,4,4.89,0.45,0.146,0.699,0.0398,0.164,3.8,63,100000,245.8,1.43,0.7094,0.1322,0.0829,0.0000,0.0123,0.0096
6730,5,2.03,0.37,0.315,0.645,0.0078,0.266,7.8,50,200000,195.0,1.78,0.1358,0.0352,-0.1741,0.0000,0.0041,0.0000
5184,5,2.82,0.26,0.112,0.362,0.0321,0.017,2.8,52,10000,59.2,0.98,0.9786,0.1747,0.4934,0.0050,0.0371,0.3315
1887,5,2.73,0.50,0.351,0.776,0.0210,0.078,7.0,44,100000,162.3,0.84,0.4965,0.0940,0.0331,0.0000,0.0094,0.0001
5457,7,2.55,0.50,0.220,0.314,0.0407,0.166,3.4,55,50000,39.5,0.83,0.8460,0.1533,0.2774,0.0000,0.0184,0.0159
3085,7,3.80,0.33,0.313,0.778,0.0113,0.228,5.1,67,100000,152.3,1.97,0.5268,0.0969,0.1041,0.0000,0.0061,0.0346
5761,5,4.30,0.40,0.368,0.715,0.0394,0.206,6.8,16,10000,272.7,0.88,0.9224,0.1620,0.3752,0.0000,0.0341,0.1118
8590,5,4.27,0.46,0.311,0.238,0.0319,0.135,5.6,57,100000,223.2,1.16,0.5464,0.1000,-0.0120,0.0000,0.0073,0.0000
4820,7,1.77,0.49,0.390,0.687,0.0018,0.301,6.1,56,100000,268.2,1.52,0.4135,0.0831,-0.1030,0.0000,0.0069,0.0000
2307,5,5.24,0.34,0.336,0.672,0.0075,0.256,1.8,75,10000,335.3,1.61,0.9687,0.1628,0.4379,0.0032,0.0248,0.2093
2258,4,2.85,0.48,0.287,0.156,0.0097,0.079,3.8,79,10000,177.4,1.81,0.9420,0.1581,0.3594,0.0000,0.0340,0.0361
9187,4,2.40,0.24,0.286,0.763,0.0079,0.021,7.8,48,200000,151.2,0.77,0.1668,0.0423,0.0023,0.0000,0.0073,0.0001
8023,5,5.49,0.31,0.028,0.196,0.0096,0.325,5.3,67,200000,178.0,1.72,0.4771,0.1124,0.3015,0.0063,0.0194,0.0769
6647,5,3.60,0.45,0.118,0.410,0.0253,0.268,7.3,75,10000,171.9,1.97,0.9468,0.1582,0.3794,0.0000,0.0260,0.0511
9838,6,1.58,0.28,0.287,0.742,0.0307,0.307,2.9,76,200000,71.4,0.54,0.4626,0.1034,0.1926,0.0016,0.0087,0.0782
3559,6,2.22,0.29,0.179,0.611,0.0138,0.270,3.0,61,10000,182.4,0.70,0.9637,0.1691,0.4862,0.0119,0.0211,0.2987
9771,6,1.94,0.47,0.151,0.464,0.0167,0.293,2.1,57,10000,317.0,1.03,0.9717,0.1724,0.2472,0.0000,0.0216,0.0714
5777,4,1.90,0.32,0.218,0.328,0.0334,0.125,1.6,76,100000,200.6,1.39,0.7630,0.1533,0.4064,0.0131,0.0198,0.2055
7479,6,3.47,0.41,0.352,0.458,0.0060,0.167,7.6,26,100000,266.0,1.06,0.3113,0.0714,-0.0455,0.0000,0.0091,0.0000
6778,6,2.03,0.26,0.013,0.309,0.0391,0.115,2.1,31,10000,232.2,1.84,0.9949,0.1808,0.5952,0.0022,0.0292,0.3634
1805,5,5.16,0.47,0.258,0.486,0.0134,0.306,6.4,62,200000,114.6,1.18,0.1902,0.0461,-0.1978,0.0000,0.0052,0.0000
3684,4,4.19,0.39,0.368,0.352,0.0015,0.337,5.5,26,200000,70.3,1.83,0.1064,0.0349,-0.1751,0.0000,0.0051,0.0000
2589,6,2.32,0.38,0.174,0.693,0.0332,0.242,3.3,67,100000,192.1,0.57,0.7101,0.1332,0.2034,0.0020,0.0131,0.0624
1871,4,4.47,0.47,0.370,0.670,0.0310,0.084,7.5,62,50000,225.6,1.27,0.7288,0.1240,0.0811,0.0000,0.0118,0.0001
2848,7,2.53,0.36,0.069,0.604,0.0012,0.247,3.1,58,50000,230.7,0.76,0.8224,0.1525,0.4326,0.0067,0.0230,0.1279
4717,6,2.03,0.21,0.180,0.197,0.0245,0.131,2.2,76,50000,69.0,1.61,0.8584,0.1626,0.5625,0.0269,0.0241,0.3544
3810,4,4.42,0.30,0.377,0.505,0.0043,0.029,4.9,74,100000,145.5,1.70,0.4843,0.0924,0.2000,0.0000,0.0160,0.0402
8135,4,4.99,0.47,0.168,0.170,0.0301,0.212,3.4,21,50000,28.8,1.84,0.7902,0.1473,0.1448,0.0000,0.0181,0.0095
4874,7,1.54,0.23,0.384,0.147,0.0325,0.315,3.4,71,200000,341.3,1.95,0.3676,0.0840,0.1670,0.0046,0.0070,0.0659
617,4,2.58,0.47,0.300,0.610,0.0105,0.280,3.3,50,100000,169.7,0.92,0.6098,0.1169,0.0805,0.0000,0.0104,0.0032
911,4,4.29,0.21,0.022,0.555,0.0184,0.227,1.6,25,200000,15.5,1.18,0.8396,0.1665,0.5744,0.0078,0.0363,0.3596
3371,4,4.64,0.34,0.078,0.748,0.0382,0.235,1.3,56,50000,110.9,1.15,0.9195,0.1717,0.4288,0.0044,0.0376,0.2219
3520,6,3.61,0.25,0.162,0.478,0.0343,0.144,7.8,65,200000,62.0,0.95,0.2515,0.0571,0.0620,0.0000,0.0058,0.0045
2982,6,2.03,0.49,0.385,0.259,0.0194,0.269,3.7,29,50000,355.1,1.78,0.7626,0.1438,0.1426,0.0000,0.0140,0.0134
5460,5,5.14,0.22,0.162,0.373,0.0252,0.238,3.1,65,200000,32.6,1.89,0.4602,0.1022,0.2263,0.0180,0.0092,0.1455
5036,6,3.92,0.31,0.105,0.528,0.0079,0.125,5.4,41,100000,184.0,0.60,0.5316,0.1080,0.3044,0.0009,0.0212,0.0670
815,7,4.06,0.49,0.182,0.479,0.0134,0.012,8.0,46,50000,170.0,1.89,0.6698,0.1218,0.1432,0.0000,0.0288,0.0025
7816,6,2.26,0.20,0.309,0.129,0.0026,0.066,6.1,69,200000,48.1,0.54,0.1040,0.0301,0.0545,0.0000,0.0058,0.0003
3747,6,1.68,0.48,0.389,0.379,0.0403,0.249,3.2,56,50000,4.5,1.01,0.8363,0.1487,0.2647,0.0000,0.0126,0.0339
5488,6,4.58,0.35,0.063,0.193,0.0185,0.305,6.8,46,100000,49.8,1.44,0.5490,0.1117,0.1986,0.0000,0.0136,0.0507
4693,4,3.64,0.31,0.062,0.454,0.0382,0.164,2.2,56,100000,345.8,0.61,0.8123,0.1595,0.5540,0.0119,0.0317,0.2299
741,7,4.34,0.34,0.035,0.225,0.0275,0.150,4.5,42,100000,140.3,0.82,0.7654,0.1506,0.3974,0.0085,0.0342,0.1586
6,6,2.09,0.36,0.090,0.735,0.0127,0.113,7.5,77,100000,53.1,1.93,0.5252,0.1018,0.2012,0.0000,0.0191,0.0204
5067,5,5.14,0.31,0.405,0.667,0.0184,0.219,1.4,47,50000,47.7,1.04,0.8724,0.1540,0.3066,0.0191,0.0120,0.2370
9603,7,2.52,0.49,0.253,0.202,0.0068,0.157,4.5,37,50000,105.7,1.43,0.6778,0.1221,0.1150,0.0000,0.0172,0.0024
535,7,2.47,0.24,0.404,0.494,0.0219,0.206,5.7,31,50000,176.2,0.67,0.7115,0.1274,0.3637,0.0138,0.0138,0.2248
5795,7,1.95,0.48,0.048,0.110,0.0085,0.285,7.6,36,50000,14.1,1.93,0.6913,0.1476,0.2546,0.0000,0.0267,0.0245
14,7,1.83,0.20,0.037,0.531,0.0314,0.204,6.3,57,100000,127.1,1.87,0.7176,0.1433,0.5690,0.0230,0.0269,0.2739
5695,7,4.92,0.29,0.292,0.636,0.0356,0.071,5.0,38,10000,110.8,1.35,0.9597,0.1629,0.5331,0.0024,0.0412,0.3009
2791,5,4.09,0.23,0.192,0.243,0.0087,0.234,4.9,61,10000,172.4,1.50,0.9322,0.1565,0.5876,0.0042,0.0233,0.3645
8734,5,5.01,0.45,0.060,0.632,0.0021,0.215,4.1,37,100000,334.9,1.49,0.6260,0.1301,0.2000,0.0000,0.0209,0.0187
2743,4,2.18,0.33,0.184,0.642,0.0185,0.299,3.4,36,10000,326.5,1.48,0.9598,0.1729,0.5182,0.0038,0.0224,0.1933
1492,6,4.99,0.20,0.058,0.363,0.0258,0.190,7.2,48,10000,106.8,1.62,0.9591,0.1650,0.6775,0.0010,0.0389,0.4371
5479,6,4.13,0.45,0.044,0.602,0.0190,0.301,7.5,21,50000,168.7,0.69,0.7868,0.1541,0.2511,0.0000,0.0252,0.0309
7049,4,2.96,0.36,0.022,0.780,0.0079,0.334,5.3,34,10000,256.7,1.16,0.9751,0.1740,0.4650,0.0000,0.0350,0.1923
5543,4,1.93,0.31,0.241,0.712,0.0286,0.077,2.6,73,10000,59.8,1.25,0.9716,0.1715,0.4344,0.0048,0.0253,0.2435
1896,4,2.97,0.27,0.257,0.382,0.0362,0.303,5.7,40,50000,53.9,1.03,0.7654,0.1286,0.3195,0.0248,0.0111,0.2236
3253,6,2.78,0.48,0.102,0.762,0.0169,0.308,2.1,41,100000,260.9,1.32,0.7570,0.1478,0.2354,0.0000,0.0181,0.0268
5942,5,1.86,0.34,0.142,0.240,0.0024,0.287,6.5,78,100000,201.1,1.09,0.3945,0.0784,0.1802,0.0000,0.0121,0.0067
3102,6,3.08,0.47,0.271,0.770,0.0021,0.043,4.8,22,100000,314.1,0.93,0.4776,0.1020,0.0442,0.0000,0.0162,0.0002
2212,4,3.05,0.21,0.326,0.549,0.0279,0.042,6.7,43,10000,269.6,0.79,0.9482,0.1624,0.5783,0.0026,0.0387,0.4036
9501,5,4.27,0.36,0.250,0.632,0.0228,0.200,5.4,69,200000,165.1,0.92,0.2893,0.0649,-0.0151,0.0000,0.0059,0.0000
7676,6,3.23,0.21,0.137,0.252,0.0086,0.241,7.8,75,10000,145.5,1.63,0.9072,0.1532,0.4717,0.0128,0.0217,0.3728
9163,6,3.89,0.35,0.054,0.551,0.0287,0.219,1.0,60,100000,144.6,0.51,0.8635,0.1715,0.4432,0.0044,0.0350,0.2237
1117,6,2.02,0.38,0.115,0.749,0.0309,0.021,7.1,24,10000,236.3,1.65,0.9507,0.1729,0.4338,0.0035,0.0297,0.1578
5322,4,3.08,0.49,0.167,0.302,0.0325,0.157,6.9,68,100000,339.6,0.70,0.5449,0.1004,0.0423,0.0000,0.0111,0.0001
8138,6,2.15,0.43,0.335,0.123,0.0026,0.289,1.7,44,100000,191.0,1.09,0.6527,0.1267,0.1392,0.0000,0.0118,0.0201
4766,4,2.10,0.21,0.237,0.759,0.0305,0.354,1.8,59,50000,72.2,0.55,0.8774,0.1556,0.4045,0.0160,0.0152,0.3901
1135,4,1.90,0.28,0.376,0.230,0.0191,0.196,1.8,25,50000,312.9,0.67,0.8468,0.1478,0.3896,0.0085,0.0163,0.2575
6242,6,2.82,0.33,0.232,0.706,0.0242,0.264,6.7,65,50000,97.4,1.70,0.7378,0.1260,0.2567,0.0051,0.0096,0.1186
16,5,4.50,0.41,0.370,0.773,0.0300,0.184,7.4,68,100000,251.1,1.76,0.5227,0.0945,0.0391,0.0000,0.0064,0.0017
3443,7,2.03,0.31,0.350,0.296,0.0381,0.089,3.2,15,10000,234.4,1.53,0.9493,0.1712,0.5020,0.0051,0.0261,0.2509
3353,5,3.85,0.29,0.185,0.681,0.0196,0.240,2.3,18,50000,281.8,1.12,0.8595,0.1590,0.4787,0.0113,0.0239,0.2656
9071,5,4.87,0.41,0.371,0.543,0.0246,0.018,4.6,56,200000,213.5,1.17,0.3315,0.0719,-0.0657,0.0000,0.0082,0.0000
9910,7,1.64,0.41,0.163,0.169,0.0016,0.277,5.4,32,50000,327.8,1.42,0.6454,0.1346,0.2507,0.0000,0.0190,0.0532
8681,5,5.00,0.25,0.363,0.345,0.0390,0.217,3.6,50,10000,138.6,1.42,0.9651,0.1615,0.5153,0.0052,0.0258,0.3765
176,4,1.95,0.44,0.336,0.796,0.0351,0.188,6.9,53,100000,223.8,1.25,0.5728,0.1031,0.0240,0.0000,0.0078,0.0002
6846,5,3.48,0.28,0.058,0.752,0.0046,0.192,6.4,29,200000,53.3,1.04,0.2707,0.0756,0.2008,0.0000,0.0200,0.0197
2425,5,2.85,0.39,0.144,0.554,0.0039,0.105,1.6,74,50000,235.0,1.72,0.8734,0.1632,0.5061,0.0000,0.0306,0.1147
9158,7,4.99,0.21,0.323,0.278,0.0274,0.083,5.7,50,50000,34.7,0.64,0.7382,0.1259,0.3074,0.0245,0.0143,0.2911
4540,6,3.86,0.28,0.362,0.774,0.0191,0.031,6.3,38,50000,62.0,0.83,0.7290,0.1290,0.4543,0.0068,0.0230,0.1893
9725,5,3.11,0.38,0.201,0.690,0.0197,0.243,1.1,36,50000,232.6,1.60,0.8909,0.1638,0.3567,0.0027,0.0226,0.1339
8943,6,3.69,0.37,0.388,0.269,0.0221,0.330,2.4,50,10000,245.2,1.74,0.9648,0.1639,0.4522,0.0000,0.0227,0.1545
6894,5,3.08,0.25,0.173,0.591,0.0334,0.194,3.0,29,10000,290.4,0.59,0.9713,0.1744,0.5881,0.0073,0.0312,0.3533
2543,6,4.51,0.33,0.089,0.761,0.0217,0.166,1.5,63,50000,184.0,0.76,0.9011,0.1652,0.4994,0.0091,0.0334,0.2292
9313,6,2.86,0.43,0.362,0.605,0.0320,0.164,2.1,22,200000,98.2,1.78,0.5108,0.1138,0.0298,0.0000,0.0104,0.0007
9449,7,5.13,0.38,0.199,0.619,0.0216,0.314,7.9,73,50000,58.4,1.63,0.6906,0.1184,0.1137,0.0000,0.0068,0.0444
7363,5,3.87,0.39,0.253,0.718,0.0405,0.359,6.4,22,50000,67.3,1.26,0.7483,0.1354,0.2009,0.0034,0.0107,0.0721
860,5,4.05,0.23,0.216,0.436,0.0245,0.108,8.0,53,50000,194.2,1.18,0.6810,0.1208,0.3909,0.0250,0.0153,0.2198
7696,6,3.66,0.48,0.326,0.224,0.0018,0.195,7.9,45,100000,304.7,1.30,0.2745,0.0595,-0.1053,0.0000,0.0092,0.0000
3900,7,5.18,0.25,0.333,0.604,0.0054,0.052,5.6,29,50000,83.8,1.83,0.6579,0.1233,0.3153,0.0124,0.0227,0.1918
6818,4,1.78,0.42,0.298,0.137,0.0076,0.125,1.8,36,50000,164.3,1.74,0.8292,0.1465,0.2201,0.0022,0.0195,0.0552
92,5,4.78,0.23,0.339,0.653,0.0238,0.015,1.6,62,200000,129.5,1.74,0.5449,0.1215,0.2827,0.0173,0.0161,0.2042
8195,5,2.13,0.23,0.183,0.316,0.0034,0.151,4.5,70,100000,165.0,0.87,0.5211,0.1000,0.3117,0.0029,0.0156,0.1243
7934,5,2.19,0.28,0.225,0.425,0.0150,0.178,6.0,55,50000,108.1,1.33,0.7014,0.1180,0.3512,0.0077,0.0143,0.1512
4427,5,3.00,0.38,0.188,0.598,0.0375,0.337,2.6,68,200000,61.1,2.00,0.5088,0.1133,0.0667,0.0000,0.0101,0.0073
1478,7,5.21,0.35,0.262,0.354,0.0351,0.037,8.0,28,10000,302.6,1.72,0.9349,0.1619,0.4190,0.0000,0.0490,0.1840
8957,5,2.72,0.23,0.298,0.701,0.0234,0.020,7.1,63,50000,9.8,1.86,0.7421,0.1325,0.4325,0.0141,0.0240,0.2601
7468,5,4.74,0.37,0.230,0.102,0.0121,0.236,3.2,52,200000,199.0,0.80,0.3186,0.0778,0.0344,0.0000,0.0084,0.0011
9376,6,2.81,0.33,0.056,0.474,0.0321,0.101,6.7,43,10000,226.5,0.69,0.9667,0.1693,0.4088,0.0003,0.0340,0.2220
3117,5,4.96,0.28,0.019,0.729,0.0253,0.088,5.3,48,100000,96.7,1.15,0.8225,0.1619,0.4619,0.0104,0.0465,0.2527
8371,6,3.67,0.37,0.366,0.627,0.0374,0.263,7.4,70,100000,252.0,1.13,0.5438,0.0974,0.0750,0.0000,0.0060,0.0110
4934,4,2.09,0.48,0.370,0.226,0.0184,0.168,5.8,69,100000,280.5,0.55,0.4629,0.0856,0.0289,0.0000,0.0101,0.0001
6535,6,4.60,0.30,0.084,0.141,0.0014,0.172,5.9,30,100000,258.0,0.85,0.4112,0.0995,0.3552,0.0000,0.0210,0.0534
8762,4,3.01,0.32,0.242,0.216,0.0355,0.147,3.8,46,100000,26.8,1.53,0.6440,0.1168,0.1786,0.0077,0.0105,0.0952
884,4,2.31,0.24,0.289,0.634,0.0228,0.125,1.7,35,100000,341.5,1.40,0.7484,0.1407,0.4247,0.0171,0.0170,0.2676
6409,5,2.17,0.44,0.364,0.402,0.0288,0.134,3.1,29,50000,26.5,0.95,0.8218,0.1479,0.2122,0.0000,0.0160,0.0452
6142,4,2.18,0.27,0.053,0.590,0.0265,0.209,7.8,15,100000,93.4,1.33,0.5716,0.1262,0.3756,0.0116,0.0276,0.1525
9540,6,2.37,0.43,0.367,0.400,0.0327,0.327,4.7,44,100000,80.9,1.41,0.6164,0.1116,0.0276,0.0000,0.0074,0.0021
6428,7,2.55,0.44,0.322,0.190,0.0348,0.163,2.0,39,10000,57.4,1.78,0.9713,0.1753,0.3543,0.0017,0.0257,0.1097
2493,7,1.93,0.40,0.171,0.736,0.0108,0.128,4.3,15,50000,49.3,1.29,0.7384,0.1427,0.3478,0.0000,0.0231,0.0580
6455,6,2.92,0.23,0.298,0.761,0.0265,0.188,1.4,57,10000,109.8,0.78,0.9760,0.1690,0.5733,0.0102,0.0262,0.4082
1308,6,1.93,0.44,0.137,0.140,0.0380,0.247,2.3,69,10000,287.2,1.78,0.9717,0.1633,0.2741,0.0000,0.0226,0.0774
3166,5,2.54,0.25,0.404,0.188,0.0113,0.167,4.4,36,100000,29.7,0.59,0.4734,0.0946,0.2334,0.0020,0.0103,0.0901
2149,4,4.32,0.26,0.136,0.661,0.0203,0.071,6.4,50,100000,82.8,1.51,0.5499,0.1033,0.2699,0.0083,0.0149,0.1171
793,6,4.12,0.34,0.281,0.490,0.0104,0.244,5.4,32,100000,90.0,1.84,0.4539,0.0920,0.1034,0.0000,0.0086,0.0190
1795,7,4.62,0.39,0.157,0.118,0.0309,0.242,6.9,61,100000,349.1,1.98,0.4911,0.0927,0.0376,0.0000,0.0070,0.0034
9958,5,5.01,0.36,0.340,0.121,0.0207,0.114,1.3,57,100000,286.2,0.52,0.7374,0.1434,0.2619,0.0139,0.0165,0.1056
5258,7,5.45,0.38,0.385,0.419,0.0131,0.238,5.4,51,10000,141.6,0.70,0.9273,0.1518,0.3134,0.0008,0.0152,0.1571
2039,7,1.60,0.27,0.366,0.579,0.0202,0.066,4.9,71,50000,284.4,0.63,0.7513,0.1329,0.4094,0.0191,0.0176,0.2078
2206,5,2.96,0.24,0.120,0.789,0.0262,0.258,4.5,75,200000,243.1,0.88,0.4231,0.0939,0.2300,0.0104,0.0110,0.0880
5135,6,4.96,0.31,0.336,0.439,0.0174,0.239,6.8,51,200000,97.8,1.71,0.1789,0.0433,-0.0428,0.0000,0.0047,0.0000
1105,6,3.51,0.49,0.392,0.238,0.0209,0.181,2.6,73,50000,103.2,1.23,0.8179,0.1406,0.0671,0.0000,0.0113,0.0021
4089,5,3.35,0.41,0.410,0.345,0.0402,0.051,2.2,66,10000,105.9,0.78,0.9727,0.1729,0.4351,0.0000,0.0363,0.1309
3052,6,4.69,0.32,0.342,0.165,0.0139,0.188,7.1,21,200000,74.3,1.30,0.0491,0.0215,-0.1156,0.0000,0.0049,0.0000
4783,7,2.65,0.28,0.322,0.505,0.0364,0.197,1.5,74,100000,68.8,0.68,0.7576,0.1492,0.3479,0.0135,0.0145,0.2299
9212,7,4.09,0.48,0.306,0.245,0.0321,0.327,7.2,68,10000,248.5,1.76,0.9367,0.1536,0.2339,0.0000,0.0175,0.0291
1935,4,4.58,0.36,0.172,0.280,0.0077,0.021,7.1,29,10000,298.9,1.84,0.9219,0.1635,0.5720,0.0004,0.0524,0.1535
7153,5,3.56,0.27,0.318,0.524,0.0119,0.101,2.2,47,50000,310.2,1.90,0.8376,0.1458,0.4884,0.0168,0.0204,0.2800
9988,7,1.75,0.38,0.386,0.517,0.0185,0.257,3.7,61,100000,275.0,1.31,0.6175,0.1043,0.0215,0.0000,0.0076,0.0001
9345,7,3.66,0.21,0.253,0.672,0.0029,0.264,4.4,45,10000,140.7,1.49,0.9347,0.1596,0.5257,0.0086,0.0196,0.3923
843,6,4.76,0.21,0.279,0.737,0.0250,0.027,2.8,41,50000,348.2,0.93,0.8541,0.1496,0.4397,0.0278,0.0248,0.3773
2343,5,2.74,0.30,0.244,0.626,0.0285,0.103,5.7,35,200000,259.5,0.68,0.2971,0.0667,0.0414,0.0000,0.0064,0.0012
443,7,4.02,0.35,0.124,0.571,0.0380,0.322,4.6,71,10000,321.1,1.05,0.9682,0.1654,0.4092,0.0025,0.0289,0.1957
8542,7,3.33,0.40,0.228,0.500,0.0315,0.124,5.1,53,200000,149.6,0.74,0.3419,0.0746,-0.0548,0.0000,0.0065,0.0000
6395,7,4.63,0.32,0.109,0.166,0.0369,0.285,7.1,61,10000,150.7,1.63,0.9520,0.1617,0.4719,0.0017,0.0298,0.2531
2950,5,3.06,0.42,0.244,0.392,0.0397,0.199,7.3,63,200000,291.0,1.99,0.2668,0.0586,-0.1020,0.0000,0.0055,0.0000
1488,5,3.75,0.34,0.129,0.250,0.0148,0.149,1.2,76,100000,39.3,0.65,0.7821,0.1526,0.4505,0.0115,0.0283,0.1746
7979,5,2.54,0.50,0.101,0.126,0.0380,0.157,2.9,41,10000,336.3,1.79,0.9725,0.1733,0.3351,0.0000,0.0303,0.0520
9985,4,2.88,0.42,0.100,0.782,0.0177,0.175,7.6,50,50000,80.5,1.11,0.7295,0.1296,0.1941,0.0000,0.0184,0.0297
2037,5,4.41,0.28,0.174,0.297,0.0259,0.347,5.3,47,100000,101.4,1.86,0.5731,0.1053,0.1561,0.0097,0.0066,0.1011
7705,4,2.93,0.46,0.393,0.540,0.0250,0.113,2.5,24,100000,18.6,0.94,0.6857,0.1323,0.0996,0.0000,0.0109,0.0123
1342,6,2.10,0.46,0.380,0.125,0.0244,0.295,6.8,48,200000,249.3,0.52,0.1453,0.0365,-0.2479,0.0000,0.0043,0.0000
6532,4,1.67,0.31,0.288,0.145,0.0344,0.257,2.4,37,100000,41.5,0.61,0.7071,0.1451,0.3062,0.0059,0.0134,0.1544
5956,7,1.98,0.50,0.113,0.573,0.0399,0.250,2.0,76,100000,292.4,1.65,0.7777,0.1605,0.2062,0.0000,0.0202,0.0323
2460,5,4.32,0.48,0.230,0.565,0.0353,0.348,7.8,38,50000,90.6,1.76,0.7254,0.1246,0.0076,0.0000,0.0072,0.0003
9870,5,1.57,0.48,0.143,0.125,0.0322,0.130,4.1,65,50000,249.6,1.77,0.8046,0.1492,0.4002,0.0000,0.0208,0.0319
173,4,2.72,0.35,0.128,0.261,0.0255,0.051,6.7,48,200000,0.8,0.90,0.2650,0.0610,-0.0200,0.0000,0.0093,0.0000
4512,4,3.97,0.39,0.186,0.709,0.0070,0.291,5.8,48,100000,240.6,0.83,0.4761,0.0920,0.0329,0.0000,0.0075,0.0027
7766,7,2.43,0.44,0.227,0.108,0.0046,0.110,5.5,67,10000,237.7,1.20,0.9064,0.1550,0.2636,0.0000,0.0289,0.0470
223,4,2.84,0.25,0.388,0.111,0.0275,0.196,5.1,51,50000,261.6,1.73,0.7116,0.1263,0.3531,0.0261,0.0128,0.2154
8239,6,3.34,0.30,0.221,0.546,0.0126,0.250,4.2,55,200000,318.9,0.52,0.3157,0.0714,0.0726,0.0000,0.0070,0.0055
9908,4,3.55,0.44,0.171,0.769,0.0071,0.140,6.9,75,100000,168.0,1.28,0.4588,0.0892,-0.0147,0.0000,0.0086,0.0000
6525,6,1.82,0.26,0.179,0.454,0.0405,0.081,2.3,40,50000,298.0,0.98,0.8758,0.1702,0.4985,0.0236,0.0219,0.3102
234,4,3.03,0.37,0.249,0.415,0.0072,0.352,1.2,46,10000,6.6,1.67,0.9742,0.1752,0.4290,0.0010,0.0268,0.1874
7705,6,5.37,0.49,0.318,0.795,0.0334,0.345,7.9,62,10000,218.2,0.89,0.9480,0.1543,0.1324,0.0000,0.0135,0.0151
3799,4,4.57,0.44,0.324,0.580,0.0205,0.050,7.5,78,50000,356.4,0.92,0.6877,0.1216,0.2308,0.0000,0.0210,0.0140
164,5,3.87,0.39,0.039,0.142,0.0175,0.102,6.1,35,100000,84.3,0.82,0.6355,0.1342,0.3495,0.0000,0.0418,0.0634
8352,6,2.82,0.21,0.188,0.644,0.0134,0.148,1.5,23,100000,75.7,0.83,0.7746,0.1544,0.4579,0.0260,0.0227,0.3339
3330,5,1.69,0.45,0.288,0.784,0.0290,0.164,7.8,43,100000,130.6,1.04,0.5340,0.1012,0.0543,0.0000,0.0081,0.0015
5458,7,5.26,0.39,0.293,0.473,0.0247,0.066,7.0,78,100000,282.2,1.84,0.4976,0.0918,0.0352,0.0000,0.0111,0.0017
2132,7,5.24,0.48,0.104,0.368,0.0173,0.141,6.1,22,100000,77.8,1.85,0.4765,0.1076,0.0094,0.0000,0.0181,0.0001
2564,6,2.24,0.46,0.035,0.778,0.0283,0.285,2.6,44,50000,163.2,1.14,0.9143,0.1767,0.3008,0.0014,0.0254,0.0874
6780,6,3.66,0.34,0.136,0.284,0.0387,0.069,6.4,62,10000,181.2,0.55,0.9590,0.1638,0.5171,0.0016,0.0403,0.2241
9793,7,2.65,0.45,0.302,0.607,0.0309,0.039,2.9,20,200000,350.6,1.99,0.4288,0.0996,-0.0148,0.0000,0.0101,0.0000
8158,4,4.47,0.49,0.213,0.438,0.0218,0.295,5.9,65,200000,300.0,0.87,0.2525,0.0580,-0.1922,0.0000,0.0059,0.0000
9538,7,3.32,0.35,0.323,0.578,0.0342,0.308,7.9,62,100000,178.8,1.12,0.5197,0.0944,0.0932,0.0000,0.0065,0.0185
7289,6,2.86,0.32,0.229,0.496,0.0207,0.150,4.1,62,10000,153.7,1.67,0.9580,0.1671,0.5088,0.0050,0.0258,0.2460
208,6,3.09,0.28,0.079,0.418,0.0240,0.334,6.4,66,50000,225.6,1.68,0.7788,0.1377,0.3274,0.0159,0.0159,0.2078
2914,4,1.75,0.45,0.202,0.271,0.0238,0.283,6.3,69,10000,170.7,0.95,0.9375,0.1561,0.2640,0.0000,0.0191,0.0632
2679,7,3.11,0.35,0.099,0.121,0.0294,0.206,5.6,35,100000,163.5,1.57,0.5676,0.1153,0.2517,0.0000,0.0182,0.0491
417,7,4.71,0.49,0.365,0.598,0.0257,0.097,2.9,36,50000,121.0,1.43,0.8329,0.1447,0.0894,0.0000,0.0146,0.0013
1820,4,3.27,0.28,0.278,0.747,0.0398,0.340,2.3,68,100000,188.5,0.89,0.7394,0.1378,0.3436,0.0196,0.0105,0.2211
5974,4,4.46,0.39,0.348,0.527,0.0055,0.333,2.4,62,200000,351.3,1.69,0.3999,0.0897,-0.0003,0.0000,0.0068,0.0000
